patience_mcdermott@graham.info,Camila Moura,(83) 9 6079-0726
bulah1904@boyer.name,Benício da Fonseca,(79) 5728-2678
golda_hessel@pfeffer.net,Pedro Miguel Ornelas,(21) 4221-0497
efren_keebler@boyer.org,Márcio Aguiar,(71) 5968-6049
orval2088@haley.org,Srta. Janaína Martins,(98) 3824-4086
april.schultz@batz.info,Antônio Pires,(95) 5225-6585
kale1913@brekke.org,Sr. Ana Laura Martim Filho,(11) 4480-0805
danyka.herman@wiza.name,Ana da Gama,(62) 5754-1546
jennifer2018@swift.name,Srta. Mirella da Penha Jr.,(82) 4138-2858
alexzander.hilpert@heathcote.name,Anthony Bomdia Neto,(51) 9 2014-5399
emory2010@auer.net,Bryan Meireles,(71) 5694-7554
claudie2095@stark.net,Benjamin Pereira,(41) 3463-9931
karina.pfannerstill@schimmel.name,Oliver Crespo,(65) 9 7315-9914
rory1978@osinski.net,Vinícius de Assunção,(96) 3146-8795
nasir2042@koss.info,Dr. Malu Martins Filho,(95) 2724-1602
